John Hawkins	really@gmail.com	
Colin Hawkins	c.hawkins@gmail.com	Bryce Olson
Bryce Olson	bryce.olson@gmail.com	Colin Hawkins
Tom Hawkins	zhaqqq@gmail.com	Wendy Hawkins
Wendy Hawkins	wendy.hawkins@gmail.com	Tom Hawkins
Steve Ramage	steve.ramage@gmail.com	Molly Ramage
Molly Ramage	molly.ramage@gmail.com	Steve Ramage
Ben Ramage	niosporine@gmail.com	
