John Hawkins	really+John@gmail.com	
Colin Hawkins	really+Colin@gmail.com	Bryce Olson
Bryce Olson	really+Bryce@gmail.com	Colin Hawkins
Tom Hawkins	really+Tom@gmail.com	Wendy Hawkins
Wendy Hawkins	really+Wendy@gmail.com	Tom Hawkins
Steve Ramage	really+Steve@gmail.com	Molly Ramage
Molly Ramage	really+Molly@gmail.com	Steve Ramage
Ben Ramage	really+Ben@gmail.com	
